id_employe,prenom,nom,email,username,id_section_travail
1,Olivia,Fournier,olivia.fournier.1@example.com,OLIVIA1,2
2,Taylor,Lambert,taylor.lambert.2@example.com,TAYLOR2,3
3,Mila,Rousseau,mila.rousseau.3@example.com,MILA3,1
4,Zoe,Bonnet,zoe.bonnet.4@example.com,ZOE4,3
5,Sam,Mercier,sam.mercier.5@example.com,SAM5,1
6,Kenza,Garcia,kenza.garcia.6@example.com,KENZA6,3
7,Liam,Bonnet,liam.bonnet.7@example.com,LIAM7,3
8,Taylor,Bernard,taylor.bernard.8@example.com,TAYLOR8,2
9,Sam,Garcia,sam.garcia.9@example.com,SAM9,1
10,Olivia,Petit,olivia.petit.10@example.com,OLIVIA10,1
